<linker>
  <assembly fullname="Assembly-CSharp, Version=0.0.0.0, Culture=neutral, PublicKeyToken=null">
    <type fullname="BlinkSkillData" preserve="all" />
    <type fullname="BloodPasteSkillData" preserve="all" />
    <type fullname="BombProjectile" preserve="all" />
    <type fullname="DaggerTenburaData" preserve="all" />
    <type fullname="DaggerTenburaProjectile" preserve="all" />
    <type fullname="DamageProjectile" preserve="all" />
    <type fullname="DashSwordData" preserve="all" />
    <type fullname="FireballSkillData" preserve="all" />
    <type fullname="FlameDaggerWeaponData" preserve="all" />
    <type fullname="HealSkillData" preserve="all" />
    <type fullname="IceStrikeProjectile" preserve="all" />
    <type fullname="IceStrikeSkillData" preserve="all" />
    <type fullname="LavaBurnSkillData" preserve="all" />
    <type fullname="LightArrowSkillData" preserve="all" />
    <type fullname="MaceWeaponData" preserve="all" />
    <type fullname="MeleeAttackWeaponData" preserve="all" />
    <type fullname="MeleeAttackWeaponDisplay" preserve="all" />
    <type fullname="NeonSpearData" preserve="all" />
    <type fullname="PhotonCannonSkillData" preserve="all" />
    <type fullname="PlantBombSkillData" preserve="all" />
    <type fullname="ProjectileShooterData" preserve="all" />
    <type fullname="ProtectorSkillData" preserve="all" />
    <type fullname="ReboundRingSkillData" preserve="all" />
    <type fullname="RevolutionSkillData" preserve="all" />
    <type fullname="ShieldData" preserve="all" />
    <type fullname="ShieldObject" preserve="all" />
    <type fullname="SkinData" preserve="all" />
    <type fullname="SpellBladeSkillData" preserve="all" />
    <type fullname="StealthSkillData" preserve="all" />
    <type fullname="TornadoSkillData" preserve="all" />
    <type fullname="WeaponDisplay" preserve="all" />
    <type fullname="StatModifier" preserve="nothing" serialized="true" />
    <type fullname="TrailInfo" preserve="nothing" serialized="true" />
  </assembly>
  <assembly fullname="Unity.Addressables, Version=0.0.0.0, Culture=neutral, PublicKeyToken=null" preserve="all">
    <type fullname="UnityEngine.AddressableAssets.Addressables" preserve="all" />
  </assembly>
  <assembly fullname="Unity.RenderPipelines.Universal.Runtime, Version=0.0.0.0, Culture=neutral, PublicKeyToken=null">
    <type fullname="UnityEngine.Rendering.Universal.Light2D" preserve="all" />
  </assembly>
  <assembly fullname="Unity.ResourceManager, Version=0.0.0.0, Culture=neutral, PublicKeyToken=null" preserve="all">
    <type fullname="UnityEngine.ResourceManagement.ResourceProviders.AssetBundleProvider" preserve="all" />
    <type fullname="UnityEngine.ResourceManagement.ResourceProviders.BundledAssetProvider" preserve="all" />
    <type fullname="UnityEngine.ResourceManagement.ResourceProviders.InstanceProvider" preserve="all" />
    <type fullname="UnityEngine.ResourceManagement.ResourceProviders.LegacyResourcesProvider" preserve="all" />
    <type fullname="UnityEngine.ResourceManagement.ResourceProviders.SceneProvider" preserve="all" />
  </assembly>
  <assembly fullname="UnityEngine.AnimationModule, Version=0.0.0.0, Culture=neutral, PublicKeyToken=null">
    <type fullname="UnityEngine.AnimationClip" preserve="all" />
    <type fullname="UnityEngine.Animator" preserve="all" />
    <type fullname="UnityEngine.RuntimeAnimatorController" preserve="all" />
  </assembly>
  <assembly fullname="UnityEngine.AudioModule, Version=0.0.0.0, Culture=neutral, PublicKeyToken=null">
    <type fullname="UnityEngine.AudioClip" preserve="all" />
  </assembly>
  <assembly fullname="UnityEngine.CoreModule, Version=0.0.0.0, Culture=neutral, PublicKeyToken=null">
    <type fullname="UnityEngine.GameObject" preserve="all" />
    <type fullname="UnityEngine.Material" preserve="all" />
    <type fullname="UnityEngine.Object" preserve="all" />
    <type fullname="UnityEngine.Shader" preserve="all" />
    <type fullname="UnityEngine.Sprite" preserve="all" />
    <type fullname="UnityEngine.SpriteRenderer" preserve="all" />
    <type fullname="UnityEngine.Texture2D" preserve="all" />
    <type fullname="UnityEngine.TrailRenderer" preserve="all" />
    <type fullname="UnityEngine.Transform" preserve="all" />
  </assembly>
  <assembly fullname="UnityEngine.ParticleSystemModule, Version=0.0.0.0, Culture=neutral, PublicKeyToken=null">
    <type fullname="UnityEngine.ParticleSystem" preserve="all" />
    <type fullname="UnityEngine.ParticleSystemRenderer" preserve="all" />
  </assembly>
  <assembly fullname="UnityEngine.Physics2DModule, Version=0.0.0.0, Culture=neutral, PublicKeyToken=null">
    <type fullname="UnityEngine.BoxCollider2D" preserve="all" />
    <type fullname="UnityEngine.CircleCollider2D" preserve="all" />
    <type fullname="UnityEngine.PolygonCollider2D" preserve="all" />
    <type fullname="UnityEngine.Rigidbody2D" preserve="all" />
  </assembly>
</linker>